[
  {
    "category": "``rds``", 
    "description": "Update rds command to latest version", 
    "type": "api-change"
  }, 
  {
    "category": "``transcribe``", 
    "description": "Update transcribe command to latest version", 
    "type": "api-change"
  }, 
  {
    "category": "``pinpoint``", 
    "description": "Update pinpoint command to latest version", 
    "type": "api-change"
  }, 
  {
    "category": "``s3``", 
    "description": "Update s3 command to latest version", 
    "type": "api-change"
  }, 
  {
    "category": "``redshift``", 
    "description": "Update redshift command to latest version", 
    "type": "api-change"
  }, 
  {
    "category": "``dms``", 
    "description": "Update dms command to latest version", 
    "type": "api-change"
  }, 
  {
    "category": "``codebuild``", 
    "description": "Update codebuild command to latest version", 
    "type": "api-change"
  }, 
  {
    "category": "``route53resolver``", 
    "description": "Update route53resolver command to latest version", 
    "type": "api-change"
  }, 
  {
    "category": "``s3control``", 
    "description": "Update s3control command to latest version", 
    "type": "api-change"
  }, 
  {
    "category": "``directconnect``", 
    "description": "Update directconnect command to latest version", 
    "type": "api-change"
  }, 
  {
    "category": "``comprehend``", 
    "description": "Update comprehend command to latest version", 
    "type": "api-change"
  }, 
  {
    "category": "``ram``", 
    "description": "Update ram command to latest version", 
    "type": "api-change"
  }, 
  {
    "category": "``sms-voice``", 
    "description": "Update sms-voice command to latest version", 
    "type": "api-change"
  }, 
  {
    "category": "``iam``", 
    "description": "Update iam command to latest version", 
    "type": "api-change"
  }, 
  {
    "category": "``ecs``", 
    "description": "Update ecs command to latest version", 
    "type": "api-change"
  }
]