[
  {
    "category": "``meteringmarketplace``", 
    "description": "Update meteringmarketplace command to latest version", 
    "type": "api-change"
  }, 
  {
    "category": "``kinesisanalytics``", 
    "description": "Update kinesisanalytics command to latest version", 
    "type": "api-change"
  }, 
  {
    "category": "``logs``", 
    "description": "Update logs command to latest version", 
    "type": "api-change"
  }, 
  {
    "category": "``ec2``", 
    "description": "Update ec2 command to latest version", 
    "type": "api-change"
  }, 
  {
    "category": "``codedeploy``", 
    "description": "Update codedeploy command to latest version", 
    "type": "api-change"
  }, 
  {
    "category": "``mediaconnect``", 
    "description": "Update mediaconnect command to latest version", 
    "type": "api-change"
  }, 
  {
    "category": "``kinesisanalyticsv2``", 
    "description": "Update kinesisanalyticsv2 command to latest version", 
    "type": "api-change"
  }, 
  {
    "category": "``comprehendmedical``", 
    "description": "Update comprehendmedical command to latest version", 
    "type": "api-change"
  }, 
  {
    "category": "``ecs``", 
    "description": "Update ecs command to latest version", 
    "type": "api-change"
  }, 
  {
    "category": "``translate``", 
    "description": "Update translate command to latest version", 
    "type": "api-change"
  }
]