[
  {
    "category": "``quicksight``", 
    "description": "Update quicksight command to latest version", 
    "type": "api-change"
  }, 
  {
    "category": "``autoscaling-plans``", 
    "description": "Update autoscaling-plans command to latest version", 
    "type": "api-change"
  }, 
  {
    "category": "``devicefarm``", 
    "description": "Update devicefarm command to latest version", 
    "type": "api-change"
  }, 
  {
    "category": "``ssm``", 
    "description": "Update ssm command to latest version", 
    "type": "api-change"
  }, 
  {
    "category": "``rds-data``", 
    "description": "Update rds-data command to latest version", 
    "type": "api-change"
  }, 
  {
    "category": "``xray``", 
    "description": "Update xray command to latest version", 
    "type": "api-change"
  }, 
  {
    "category": "``medialive``", 
    "description": "Update medialive command to latest version", 
    "type": "api-change"
  }, 
  {
    "category": "``cloudfront``", 
    "description": "Update cloudfront command to latest version", 
    "type": "api-change"
  }, 
  {
    "category": "``appsync``", 
    "description": "Update appsync command to latest version", 
    "type": "api-change"
  }, 
  {
    "category": "``cloudwatch``", 
    "description": "Update cloudwatch command to latest version", 
    "type": "api-change"
  }, 
  {
    "category": "``redshift``", 
    "description": "Update redshift command to latest version", 
    "type": "api-change"
  }
]