[
  {
    "category": "``greengrass``", 
    "description": "Update greengrass command to latest version", 
    "type": "api-change"
  }, 
  {
    "category": "``config``", 
    "description": "Update config command to latest version", 
    "type": "api-change"
  }, 
  {
    "category": "``secretsmanager``", 
    "description": "Update secretsmanager command to latest version", 
    "type": "api-change"
  }, 
  {
    "category": "``mediastore-data``", 
    "description": "Update mediastore-data command to latest version", 
    "type": "api-change"
  }
]