[
  {
    "category": "``ssm``", 
    "description": "Update ssm command to latest version", 
    "type": "api-change"
  }, 
  {
    "category": "``storagegateway``", 
    "description": "Update storagegateway command to latest version", 
    "type": "api-change"
  }, 
  {
    "category": "``apigateway``", 
    "description": "Update apigateway command to latest version", 
    "type": "api-change"
  }, 
  {
    "category": "``codebuild``", 
    "description": "Update codebuild command to latest version", 
    "type": "api-change"
  }
]