[
  {
    "category": "``autoscaling``", 
    "description": "Update autoscaling command to latest version", 
    "type": "api-change"
  }, 
  {
    "category": "``ec2``", 
    "description": "Update ec2 command to latest version", 
    "type": "api-change"
  }, 
  {
    "category": "``resource-groups``", 
    "description": "Update resource-groups command to latest version", 
    "type": "api-change"
  }, 
  {
    "category": "``sagemaker``", 
    "description": "Update sagemaker command to latest version", 
    "type": "api-change"
  }, 
  {
    "category": "``mediatailor``", 
    "description": "Update mediatailor command to latest version", 
    "type": "api-change"
  }, 
  {
    "category": "``sns``", 
    "description": "Update sns command to latest version", 
    "type": "api-change"
  }, 
  {
    "category": "``servicecatalog``", 
    "description": "Update servicecatalog command to latest version", 
    "type": "api-change"
  }
]