[
  {
    "category": "``waf-regional``", 
    "description": "Update waf-regional command to latest version", 
    "type": "api-change"
  }, 
  {
    "category": "``pinpoint``", 
    "description": "Update pinpoint command to latest version", 
    "type": "api-change"
  }, 
  {
    "category": "``pinpoint-email``", 
    "description": "Update pinpoint-email command to latest version", 
    "type": "api-change"
  }, 
  {
    "category": "``apigateway``", 
    "description": "Update apigateway command to latest version", 
    "type": "api-change"
  }, 
  {
    "category": "``codebuild``", 
    "description": "Update codebuild command to latest version", 
    "type": "api-change"
  }, 
  {
    "category": "``ec2``", 
    "description": "Update ec2 command to latest version", 
    "type": "api-change"
  }
]