[
  {
    "category": "``mediaconvert``", 
    "description": "Update mediaconvert command to latest version", 
    "type": "api-change"
  }, 
  {
    "category": "``directconnect``", 
    "description": "Update directconnect command to latest version", 
    "type": "api-change"
  }, 
  {
    "category": "``athena``", 
    "description": "Update athena command to latest version", 
    "type": "api-change"
  }, 
  {
    "category": "``transcribe``", 
    "description": "Update transcribe command to latest version", 
    "type": "api-change"
  }, 
  {
    "category": "``ec2``", 
    "description": "Update ec2 command to latest version", 
    "type": "api-change"
  }
]