[
  {
    "category": "``dynamodb``", 
    "description": "Update dynamodb command to latest version", 
    "type": "api-change"
  }, 
  {
    "category": "``fsx``", 
    "description": "Update fsx command to latest version", 
    "type": "api-change"
  }, 
  {
    "category": "``securityhub``", 
    "description": "Update securityhub command to latest version", 
    "type": "api-change"
  }, 
  {
    "category": "``rds``", 
    "description": "Update rds command to latest version", 
    "type": "api-change"
  }
]