[
  {
    "category": "``glue``", 
    "description": "Update glue command to latest version", 
    "type": "api-change"
  }, 
  {
    "category": "``rds``", 
    "description": "Update rds command to latest version", 
    "type": "api-change"
  }, 
  {
    "category": "``opsworkscm``", 
    "description": "Update opsworkscm command to latest version", 
    "type": "api-change"
  }, 
  {
    "category": "``sqs``", 
    "description": "Update sqs command to latest version", 
    "type": "api-change"
  }
]