[
  {
    "category": "``redshift``", 
    "description": "Update redshift command to latest version", 
    "type": "api-change"
  }, 
  {
    "category": "``iotanalytics``", 
    "description": "Update iotanalytics command to latest version", 
    "type": "api-change"
  }, 
  {
    "category": "``iot``", 
    "description": "Update iot command to latest version", 
    "type": "api-change"
  }, 
  {
    "category": "``signer``", 
    "description": "Update signer command to latest version", 
    "type": "api-change"
  }
]