[
  {
    "category": "``medialive``", 
    "description": "Update medialive command to latest version", 
    "type": "api-change"
  }, 
  {
    "category": "``rds``", 
    "description": "Update rds command to latest version", 
    "type": "api-change"
  }, 
  {
    "category": "``codebuild``", 
    "description": "Update codebuild command to latest version", 
    "type": "api-change"
  }, 
  {
    "category": "``elbv2``", 
    "description": "Update elbv2 command to latest version", 
    "type": "api-change"
  }
]