[
  {
    "category": "``lambda``", 
    "description": "Update lambda command to latest version", 
    "type": "api-change"
  }, 
  {
    "category": "``stepfunctions``", 
    "description": "Update stepfunctions command to latest version", 
    "type": "api-change"
  }, 
  {
    "category": "``kafka``", 
    "description": "Update kafka command to latest version", 
    "type": "api-change"
  }, 
  {
    "category": "``xray``", 
    "description": "Update xray command to latest version", 
    "type": "api-change"
  }, 
  {
    "category": "``serverlessrepo``", 
    "description": "Update serverlessrepo command to latest version", 
    "type": "api-change"
  }, 
  {
    "category": "``elbv2``", 
    "description": "Update elbv2 command to latest version", 
    "type": "api-change"
  }, 
  {
    "category": "``events``", 
    "description": "Update events command to latest version", 
    "type": "api-change"
  }, 
  {
    "category": "``s3``", 
    "description": "Update s3 command to latest version", 
    "type": "api-change"
  }
]