[
  {
    "category": "``chime``", 
    "description": "Update chime command to latest version", 
    "type": "api-change"
  }, 
  {
    "category": "Credentials", 
    "description": "Fix issue where incorrect region was being used when using assume role credentials outside of the `aws` partition.", 
    "type": "bugfix"
  }, 
  {
    "category": "``rds``", 
    "description": "Update rds command to latest version", 
    "type": "api-change"
  }, 
  {
    "category": "``dms``", 
    "description": "Update dms command to latest version", 
    "type": "api-change"
  }
]