[
  {
    "category": "``sagemaker``", 
    "description": "Update sagemaker command to latest version", 
    "type": "api-change"
  }, 
  {
    "category": "``appmesh``", 
    "description": "Update appmesh command to latest version", 
    "type": "api-change"
  }, 
  {
    "category": "``license-manager``", 
    "description": "Update license-manager command to latest version", 
    "type": "api-change"
  }, 
  {
    "category": "``ec2``", 
    "description": "Update ec2 command to latest version", 
    "type": "api-change"
  }, 
  {
    "category": "``lightsail``", 
    "description": "Update lightsail command to latest version", 
    "type": "api-change"
  }, 
  {
    "category": "``servicediscovery``", 
    "description": "Update servicediscovery command to latest version", 
    "type": "api-change"
  }
]