[
  {
    "category": "``amplify``", 
    "description": "Update amplify command to latest version", 
    "type": "api-change"
  }, 
  {
    "category": "``transfer``", 
    "description": "Update transfer command to latest version", 
    "type": "api-change"
  }, 
  {
    "category": "``s3``", 
    "description": "Update s3 command to latest version", 
    "type": "api-change"
  }, 
  {
    "category": "``snowball``", 
    "description": "Update snowball command to latest version", 
    "type": "api-change"
  }, 
  {
    "category": "``robomaker``", 
    "description": "Update robomaker command to latest version", 
    "type": "api-change"
  }, 
  {
    "category": "``datasync``", 
    "description": "Update datasync command to latest version", 
    "type": "api-change"
  }
]