[
  {
    "category": "``config``", 
    "description": "Update config command to latest version", 
    "type": "api-change"
  }, 
  {
    "category": "``cloudformation``", 
    "description": "Update cloudformation command to latest version", 
    "type": "api-change"
  }, 
  {
    "category": "``ec2``", 
    "description": "Update ec2 command to latest version", 
    "type": "api-change"
  }, 
  {
    "category": "``cloudtrail``", 
    "description": "Update cloudtrail command to latest version", 
    "type": "api-change"
  }, 
  {
    "category": "``workdocs``", 
    "description": "Update workdocs command to latest version", 
    "type": "api-change"
  }, 
  {
    "category": "``mediaconvert``", 
    "description": "Update mediaconvert command to latest version", 
    "type": "api-change"
  }, 
  {
    "category": "``devicefarm``", 
    "description": "Update devicefarm command to latest version", 
    "type": "api-change"
  }, 
  {
    "category": "``lambda``", 
    "description": "Update lambda command to latest version", 
    "type": "api-change"
  }, 
  {
    "category": "``lightsail``", 
    "description": "Update lightsail command to latest version", 
    "type": "api-change"
  }, 
  {
    "category": "``iot``", 
    "description": "Update iot command to latest version", 
    "type": "api-change"
  }, 
  {
    "category": "``batch``", 
    "description": "Update batch command to latest version", 
    "type": "api-change"
  }, 
  {
    "category": "``workspaces``", 
    "description": "Update workspaces command to latest version", 
    "type": "api-change"
  }, 
  {
    "category": "``rds``", 
    "description": "Update rds command to latest version", 
    "type": "api-change"
  }
]