[
  {
    "category": "``globalaccelerator``", 
    "description": "Update globalaccelerator command to latest version", 
    "type": "api-change"
  }, 
  {
    "category": "``sms``", 
    "description": "Update sms command to latest version", 
    "type": "api-change"
  }, 
  {
    "category": "``greengrass``", 
    "description": "Update greengrass command to latest version", 
    "type": "api-change"
  }, 
  {
    "category": "``iot``", 
    "description": "Update iot command to latest version", 
    "type": "api-change"
  }, 
  {
    "category": "``kms``", 
    "description": "Update kms command to latest version", 
    "type": "api-change"
  }, 
  {
    "category": "``ec2``", 
    "description": "Update ec2 command to latest version", 
    "type": "api-change"
  }, 
  {
    "category": "``s3``", 
    "description": "Update s3 command to latest version", 
    "type": "api-change"
  }, 
  {
    "category": "``iotanalytics``", 
    "description": "Update iotanalytics command to latest version", 
    "type": "api-change"
  }
]