[
  {
    "category": "``aws route53``", 
    "description": "Update ``aws route53`` command to support string-match health checks and the UPSERT action for the ``aws route53 change-resource-record-sets`` command", 
    "type": "feature"
  }, 
  {
    "category": "Command Completion", 
    "description": "Don't show tracebacks on SIGINT (`issue 628 <https://github.com/aws/aws-cli/issues/628>`__)", 
    "type": "bugfix"
  }, 
  {
    "category": "Docs", 
    "description": "Don't duplicate enum values in reference docs (`issue 632 <https://github.com/aws/aws-cli/pull/632>`__)", 
    "type": "bugfix"
  }, 
  {
    "category": "``aws s3``", 
    "description": "Don't require ``s3 (`issue 626 <https://github.com/aws/aws-cli/pull/626>`__)", 
    "type": "bugfix"
  }
]
